"";"Edad";"Sucursal";"Ingreso_Anual";"Bienes";"Tarjetas";"Cr√©dito";"Solicitud";"Sexo";"Genero"
"1";48;"C";50576,3;"NO";"NO";"NO";"SI";"1";"Hombre"
"2";40;"B";30085,1;"SI";"SI";"SI";"NO";"0";"Mujer"
"3";51;"C";16575,4;"SI";"SI";"NO";"NO";"1";"Hombre"
"4";23;"B";20375,4;"NO";"SI";"NO";"NO";"1";"Hombre"
"5";57;"A";50576,3;"NO";"NO";"NO";"NO";"1";"Hombre"
"6";57;"B";37869,6;"NO";"SI";"NO";"SI";"1";"Hombre"
"7";22;"A";8877,07;"NO";"SI";"NO";"SI";"0";"Mujer"
"8";58;"B";24946,6;"SI";"SI";"NO";"NO";"0";"Mujer"
"9";54;"B";24212,1;"SI";"SI";"NO";"NO";"0";"Mujer"
"10";66;"B";59803,9;"NO";"SI";"NO";"NO";"1";"Hombre"
"11";52;"C";26658,8;"SI";"SI";"SI";"NO";"1";"Hombre"
"12";44;"B";15735,8;"NO";"SI";"SI";"SI";"1";"Hombre"
"13";66;"B";55204,7;"SI";"SI";"SI";"SI";"1";"Hombre"
"14";36;"A";19474,6;"NO";"SI";"SI";"NO";"0";"Mujer"
"15";38;"C";22342,1;"SI";"SI";"SI";"NO";"1";"Hombre"
"16";37;"B";17729,8;"NO";"NO";"SI";"NO";"1";"Hombre"
"17";46;"D";41016;"NO";"NO";"SI";"NO";"1";"Hombre"
"18";62;"C";26909,2;"NO";"NO";"NO";"SI";"1";"Hombre"
"19";31;"B";22522,8;"SI";"SI";"NO";"NO";"0";"Mujer"
"20";61;"C";57880,7;"NO";"NO";"NO";"SI";"0";"Mujer"
"21";50;"B";16497,3;"NO";"SI";"NO";"NO";"0";"Mujer"
"22";54;"C";38446,6;"NO";"SI";"NO";"NO";"0";"Mujer"
"23";27;"B";15538,8;"SI";"SI";"SI";"NO";"1";"Hombre"
"24";22;"C";12640,3;"SI";"SI";"NO";"NO";"0";"Mujer"
"25";56;"C";41034;"SI";"SI";"SI";"NO";"0";"Mujer"
"26";45;"C";20809,7;"NO";"SI";"SI";"NO";"0";"Mujer"
"27";39;"B";20114;"NO";"SI";"NO";"SI";"1";"Hombre"
"28";39;"C";29359,1;"SI";"SI";"SI";"NO";"1";"Hombre"
"29";61;"A";24270,1;"NO";"SI";"NO";"SI";"0";"Mujer"
"30";61;"A";22942,9;"NO";"SI";"NO";"NO";"1";"Hombre"
"31";20;"B";16325,8;"NO";"NO";"NO";"NO";"1";"Hombre"
"32";45;"D";23443,2;"SI";"SI";"NO";"SI";"0";"Mujer"
"33";33;"C";29921,3;"SI";"NO";"NO";"NO";"1";"Hombre"
"34";43;"D";37521,9;"NO";"SI";"NO";"SI";"0";"Mujer"
"35";27;"C";19868;"NO";"SI";"NO";"NO";"1";"Hombre"
"36";19;"A";10953;"SI";"SI";"NO";"NO";"0";"Mujer"
"37";36;"A";13381;"SI";"SI";"NO";"SI";"1";"Hombre"
"38";43;"B";18504,3;"SI";"SI";"NO";"NO";"1";"Hombre"
"39";66;"D";25391,5;"NO";"SI";"NO";"NO";"1";"Hombre"
"40";55;"B";26774,2;"NO";"SI";"SI";"SI";"0";"Mujer"
"41";47;"C";26952,6;"SI";"SI";"NO";"NO";"1";"Hombre"
"42";67;"B";55716,5;"SI";"NO";"NO";"SI";"0";"Mujer"
"43";32;"B";27571,5;"SI";"SI";"SI";"NO";"1";"Hombre"
"44";20;"C";13740;"SI";"SI";"SI";"NO";"0";"Mujer"
"45";64;"C";52670,6;"NO";"SI";"SI";"SI";"0";"Mujer"
"46";50;"C";13283,9;"SI";"SI";"NO";"SI";"1";"Hombre"
"47";29;"C";13106,6;"NO";"SI";"SI";"SI";"0";"Mujer"
"48";52;"C";39547,8;"SI";"SI";"NO";"SI";"0";"Mujer"
"49";47;"A";17867,3;"SI";"NO";"NO";"NO";"1";"Hombre"
"50";24;"B";14309,7;"SI";"NO";"NO";"NO";"0";"Mujer"
"51";36;"B";23894,8;"NO";"NO";"NO";"NO";"0";"Mujer"
"52";43;"B";16259,7;"NO";"SI";"NO";"SI";"0";"Mujer"
"53";48;"D";29794,1;"NO";"SI";"NO";"SI";"0";"Mujer"
"54";63;"B";56842,5;"NO";"SI";"SI";"NO";"0";"Mujer"
"55";52;"A";47835,8;"NO";"NO";"NO";"SI";"1";"Hombre"
"56";58;"C";24977,5;"NO";"SI";"NO";"SI";"1";"Hombre"
"57";28;"C";23124,9;"NO";"SI";"NO";"SI";"0";"Mujer"
"58";29;"C";15143,8;"NO";"SI";"NO";"NO";"1";"Hombre"
"59";34;"C";25334,3;"SI";"SI";"SI";"SI";"0";"Mujer"
"60";42;"C";24763,3;"NO";"SI";"SI";"SI";"1";"Hombre"
"61";65;"C";36589;"SI";"SI";"NO";"SI";"1";"Hombre"
"62";47;"C";27022,6;"NO";"SI";"NO";"NO";"0";"Mujer"
"63";20;"C";11700,4;"NO";"NO";"NO";"NO";"0";"Mujer"
"64";21;"B";5014,21;"SI";"SI";"SI";"NO";"0";"Mujer"
"65";42;"C";17390,1;"NO";"SI";"NO";"NO";"0";"Mujer"
"66";19;"B";10861;"NO";"SI";"NO";"NO";"0";"Mujer"
"67";41;"B";34892,9;"NO";"SI";"SI";"NO";"1";"Hombre"
"68";30;"B";19403,1;"NO";"SI";"NO";"NO";"0";"Mujer"
"69";31;"A";10441,9;"NO";"SI";"NO";"SI";"1";"Hombre"
"70";25;"C";14064,9;"SI";"SI";"NO";"NO";"0";"Mujer"
"71";21;"C";8062,73;"NO";"SI";"NO";"SI";"0";"Mujer"
"72";36;"C";31982;"SI";"SI";"SI";"SI";"0";"Mujer"
"73";58;"C";23197,5;"NO";"NO";"SI";"NO";"1";"Hombre"
"74";64;"C";52674;"SI";"SI";"NO";"SI";"1";"Hombre"
"75";59;"A";35610,5;"SI";"NO";"NO";"SI";"1";"Hombre"
"76";45;"B";26948;"NO";"SI";"SI";"NO";"1";"Hombre"
"77";61;"C";49456,7;"SI";"SI";"SI";"SI";"0";"Mujer"
"78";30;"C";14724,5;"SI";"SI";"NO";"NO";"1";"Hombre"
"79";58;"B";34524,9;"SI";"NO";"NO";"SI";"1";"Hombre"
"80";50;"B";22052,1;"NO";"SI";"NO";"SI";"1";"Hombre"
"81";30;"C";27808,1;"NO";"SI";"NO";"NO";"0";"Mujer"
"82";29;"C";12591,4;"NO";"SI";"NO";"NO";"1";"Hombre"
"83";35;"C";16394,4;"NO";"SI";"NO";"SI";"0";"Mujer"
"84";62;"C";24026,1;"NO";"SI";"SI";"SI";"0";"Mujer"
"85";36;"C";31683,1;"SI";"SI";"NO";"SI";"0";"Mujer"
"86";25;"C";15525;"NO";"SI";"NO";"NO";"1";"Hombre"
"87";66;"B";22562,2;"SI";"SI";"SI";"NO";"1";"Hombre"
"88";30;"D";15848,7;"SI";"NO";"SI";"NO";"0";"Mujer"
"89";54;"C";31095,6;"NO";"SI";"NO";"SI";"1";"Hombre"
"90";37;"B";24814,5;"SI";"SI";"SI";"SI";"0";"Mujer"
"91";28;"C";25429,3;"NO";"SI";"SI";"NO";"1";"Hombre"
"92";53;"A";34866,5;"NO";"SI";"NO";"SI";"1";"Hombre"
"93";61;"C";42579,1;"SI";"SI";"NO";"NO";"0";"Mujer"
"94";61;"C";41127,4;"SI";"NO";"NO";"NO";"1";"Hombre"
"95";18;"C";9990,11;"NO";"SI";"NO";"NO";"1";"Hombre"
"96";22;"C";7948,62;"NO";"NO";"SI";"NO";"0";"Mujer"
"97";34;"B";30870,8;"SI";"SI";"SI";"SI";"0";"Mujer"
"98";35;"C";12125,8;"NO";"SI";"NO";"NO";"1";"Hombre"
"99";18;"A";15348,9;"SI";"SI";"NO";"NO";"1";"Hombre"
"100";54;"C";26707,9;"NO";"SI";"SI";"SI";"0";"Mujer"
"101";27;"C";11604,4;"SI";"SI";"NO";"NO";"1";"Hombre"
"102";42;"C";15499,9;"SI";"SI";"SI";"SI";"0";"Mujer"
"103";43;"B";33088,5;"NO";"SI";"SI";"NO";"0";"Mujer"
"104";64;"C";34513,6;"NO";"SI";"NO";"SI";"1";"Hombre"
"105";43;"B";32395,5;"SI";"SI";"NO";"NO";"0";"Mujer"
"106";49;"A";46633;"SI";"NO";"NO";"NO";"0";"Mujer"
"107";23;"C";13039,9;"NO";"SI";"NO";"NO";"0";"Mujer"
"108";23;"C";12681,9;"NO";"SI";"NO";"SI";"0";"Mujer"
"109";30;"C";24031,5;"SI";"SI";"SI";"NO";"1";"Hombre"
"110";36;"B";37330,5;"NO";"SI";"NO";"SI";"0";"Mujer"
"111";34;"C";25333,2;"SI";"NO";"SI";"NO";"0";"Mujer"
"112";51;"C";37094,2;"SI";"SI";"NO";"NO";"1";"Hombre"
"113";36;"B";33630,6;"SI";"SI";"NO";"SI";"0";"Mujer"
"114";56;"C";43228,2;"SI";"SI";"NO";"SI";"0";"Mujer"
"115";54;"C";47796,8;"NO";"SI";"NO";"NO";"1";"Hombre"
"116";56;"B";21730,3;"NO";"NO";"NO";"NO";"1";"Hombre"
"117";26;"C";10044,1;"NO";"SI";"SI";"NO";"0";"Mujer"
"118";39;"B";17270,1;"SI";"NO";"NO";"SI";"0";"Mujer"
"119";64;"A";45765;"SI";"SI";"NO";"SI";"1";"Hombre"
"120";46;"A";29525,5;"NO";"NO";"SI";"NO";"0";"Mujer"
"121";62;"A";54863,8;"SI";"SI";"NO";"SI";"1";"Hombre"
"122";36;"B";20799;"NO";"NO";"SI";"SI";"1";"Hombre"
"123";35;"A";33028,3;"NO";"SI";"NO";"SI";"1";"Hombre"
"124";47;"A";45031,9;"SI";"NO";"NO";"SI";"0";"Mujer"
"125";47;"C";39010,8;"NO";"SI";"NO";"SI";"0";"Mujer"
"126";37;"B";25257,7;"SI";"SI";"NO";"NO";"1";"Hombre"
"127";48;"C";42603,9;"NO";"SI";"NO";"NO";"1";"Hombre"
"128";41;"B";14092,7;"SI";"SI";"NO";"NO";"0";"Mujer"
"129";27;"A";21350,3;"SI";"SI";"NO";"SI";"1";"Hombre"
"130";43;"C";23246,4;"NO";"SI";"NO";"NO";"0";"Mujer"
"131";61;"A";41609,5;"NO";"SI";"SI";"NO";"0";"Mujer"
"132";52;"D";16716,1;"SI";"SI";"NO";"NO";"1";"Hombre"
"133";64;"D";36436,4;"SI";"SI";"NO";"NO";"1";"Hombre"
"134";66;"B";59503,8;"SI";"SI";"SI";"SI";"1";"Hombre"
"135";53;"B";31334,8;"SI";"SI";"NO";"SI";"1";"Hombre"
"136";20;"C";14048,9;"SI";"SI";"SI";"NO";"1";"Hombre"
"137";57;"C";39205,3;"NO";"SI";"NO";"SI";"1";"Hombre"
"138";65;"A";42173,9;"NO";"SI";"NO";"NO";"1";"Hombre"
"139";64;"C";55263;"NO";"SI";"NO";"SI";"1";"Hombre"
"140";52;"C";37095,2;"NO";"SI";"NO";"NO";"0";"Mujer"
"141";47;"C";22791,4;"NO";"SI";"NO";"NO";"1";"Hombre"
"142";28;"B";17240,6;"SI";"NO";"SI";"NO";"1";"Hombre"
"143";64;"B";48974,8;"SI";"SI";"SI";"NO";"0";"Mujer"
"144";25;"C";18923;"NO";"SI";"NO";"SI";"0";"Mujer"
"145";58;"D";51204,2;"NO";"NO";"SI";"SI";"0";"Mujer"
"146";34;"B";20236,2;"SI";"SI";"NO";"NO";"0";"Mujer"
"147";20;"C";18860,3;"NO";"SI";"NO";"NO";"1";"Hombre"
"148";63;"A";25732,5;"SI";"NO";"NO";"NO";"0";"Mujer"
"149";30;"D";28240,4;"SI";"SI";"NO";"NO";"1";"Hombre"
"150";53;"A";28193,6;"SI";"SI";"NO";"SI";"0";"Mujer"
"151";43;"B";36432,8;"SI";"SI";"NO";"SI";"0";"Mujer"
"152";63;"B";54618,8;"NO";"NO";"SI";"SI";"0";"Mujer"
"153";33;"C";24760,8;"NO";"SI";"SI";"SI";"0";"Mujer"
"154";41;"A";23356,1;"SI";"NO";"NO";"NO";"0";"Mujer"
"155";20;"D";8143,75;"NO";"SI";"NO";"SI";"1";"Hombre"
"156";50;"B";26462,5;"SI";"SI";"NO";"NO";"0";"Mujer"
"157";24;"A";20467,3;"SI";"SI";"NO";"NO";"0";"Mujer"
"158";60;"B";21506,2;"NO";"SI";"NO";"SI";"1";"Hombre"
"159";44;"B";15315,3;"NO";"SI";"NO";"SI";"1";"Hombre"
"160";23;"C";18875,7;"SI";"SI";"NO";"NO";"0";"Mujer"
"161";40;"C";12977,2;"NO";"NO";"NO";"NO";"1";"Hombre"
"162";49;"B";20708,5;"NO";"SI";"NO";"NO";"1";"Hombre"
"163";21;"B";7549,38;"SI";"SI";"NO";"NO";"1";"Hombre"
"164";40;"C";24904;"NO";"NO";"NO";"NO";"1";"Hombre"
"165";26;"A";24071,8;"NO";"SI";"SI";"SI";"0";"Mujer"
"166";20;"B";9589,91;"NO";"SI";"SI";"NO";"0";"Mujer"
"167";24;"C";8562,86;"NO";"NO";"SI";"NO";"0";"Mujer"
"168";37;"B";26707,5;"SI";"SI";"NO";"NO";"1";"Hombre"
"169";56;"C";34020,5;"NO";"SI";"NO";"NO";"0";"Mujer"
"170";52;"C";49175,7;"SI";"SI";"NO";"NO";"0";"Mujer"
"171";22;"C";19726,3;"NO";"SI";"NO";"NO";"0";"Mujer"
"172";35;"C";24346,6;"SI";"SI";"NO";"NO";"0";"Mujer"
"173";34;"A";26999,4;"SI";"SI";"NO";"SI";"0";"Mujer"
"174";67;"B";41558,1;"NO";"SI";"NO";"SI";"1";"Hombre"
"175";58;"C";56340,3;"NO";"SI";"NO";"SI";"1";"Hombre"
"176";40;"B";37558,5;"SI";"SI";"NO";"NO";"0";"Mujer"
"177";41;"C";30099,3;"SI";"SI";"SI";"SI";"1";"Hombre"
"178";43;"C";15254,8;"NO";"NO";"NO";"SI";"0";"Mujer"
"179";63;"C";36086,1;"NO";"SI";"NO";"SI";"0";"Mujer"
"180";22;"C";17655;"NO";"SI";"SI";"SI";"1";"Hombre"
"181";60;"A";56658,9;"NO";"SI";"NO";"SI";"0";"Mujer"
"182";65;"C";37706,5;"SI";"SI";"SI";"NO";"1";"Hombre"
"183";48;"C";18516;"SI";"SI";"SI";"NO";"1";"Hombre"
"184";38;"C";29622;"SI";"NO";"SI";"NO";"1";"Hombre"
"185";49;"A";32669,9;"SI";"SI";"SI";"SI";"0";"Mujer"
"186";20;"C";18275,5;"NO";"NO";"SI";"SI";"1";"Hombre"
"187";48;"B";34410;"NO";"SI";"NO";"SI";"1";"Hombre"
"188";41;"C";21796,6;"NO";"SI";"NO";"NO";"1";"Hombre"
"189";67;"D";63130,1;"SI";"SI";"NO";"SI";"1";"Hombre"
"190";39;"C";14996,4;"SI";"NO";"NO";"NO";"0";"Mujer"
"191";64;"A";49024,9;"NO";"SI";"NO";"SI";"1";"Hombre"
"192";41;"C";16249,8;"SI";"SI";"SI";"SI";"0";"Mujer"
"193";55;"D";36192,1;"SI";"SI";"NO";"SI";"0";"Mujer"
"194";52;"C";17839,9;"NO";"NO";"SI";"SI";"0";"Mujer"
"195";30;"C";18802,4;"NO";"SI";"SI";"SI";"1";"Hombre"
"196";52;"C";48720,3;"SI";"SI";"NO";"SI";"0";"Mujer"
"197";26;"C";14585,9;"NO";"SI";"SI";"NO";"0";"Mujer"
"198";26;"C";20819;"NO";"SI";"NO";"SI";"1";"Hombre"
"199";46;"B";26077,8;"SI";"SI";"NO";"SI";"0";"Mujer"
"200";46;"B";41627,1;"NO";"SI";"SI";"NO";"1";"Hombre"
"201";52;"C";16977,3;"NO";"SI";"NO";"NO";"0";"Mujer"
"202";37;"C";19012,8;"SI";"SI";"NO";"NO";"0";"Mujer"
"203";22;"C";12764,8;"NO";"SI";"SI";"SI";"0";"Mujer"
"204";18;"C";14388,6;"SI";"SI";"SI";"SI";"0";"Mujer"
"205";63;"C";59409,1;"SI";"SI";"NO";"SI";"0";"Mujer"
"206";25;"C";14960,2;"NO";"SI";"SI";"NO";"1";"Hombre"
"207";67;"C";39666,6;"SI";"SI";"NO";"NO";"0";"Mujer"
"208";27;"C";20771,9;"NO";"NO";"NO";"SI";"0";"Mujer"
"209";61;"C";24474,1;"SI";"NO";"NO";"SI";"0";"Mujer"
"210";58;"B";33123,7;"SI";"SI";"NO";"SI";"0";"Mujer"
"211";22;"C";14433,4;"SI";"SI";"NO";"SI";"0";"Mujer"
"212";28;"B";13175,5;"NO";"SI";"NO";"SI";"0";"Mujer"
"213";23;"C";9824,37;"NO";"SI";"NO";"NO";"0";"Mujer"
"214";27;"D";17610,3;"NO";"SI";"NO";"NO";"0";"Mujer"
"215";27;"D";15156,2;"SI";"SI";"NO";"NO";"1";"Hombre"
"216";40;"C";31774,1;"SI";"SI";"SI";"NO";"1";"Hombre"
"217";39;"B";31693,5;"SI";"NO";"NO";"SI";"0";"Mujer"
"218";35;"C";28598,7;"SI";"SI";"NO";"NO";"1";"Hombre"
"219";37;"C";26261,7;"SI";"NO";"NO";"NO";"1";"Hombre"
"220";47;"C";42124,1;"NO";"SI";"NO";"SI";"0";"Mujer"
"221";42;"C";39308,7;"NO";"SI";"NO";"SI";"1";"Hombre"
"222";67;"C";43530;"NO";"SI";"SI";"NO";"1";"Hombre"
"223";57;"A";49874,4;"NO";"SI";"NO";"SI";"0";"Mujer"
"224";47;"A";27434,8;"SI";"SI";"NO";"SI";"1";"Hombre"
"225";67;"C";50474,6;"SI";"SI";"NO";"SI";"0";"Mujer"
"226";56;"B";24888,2;"NO";"SI";"NO";"SI";"0";"Mujer"
"227";37;"A";28021,6;"SI";"SI";"SI";"SI";"0";"Mujer"
"228";27;"C";12279,5;"SI";"NO";"NO";"SI";"0";"Mujer"
"229";59;"C";30189,4;"SI";"SI";"SI";"SI";"1";"Hombre"
"230";31;"C";28969,4;"NO";"SI";"SI";"NO";"0";"Mujer"
"231";31;"D";14058,5;"NO";"SI";"SI";"SI";"0";"Mujer"
"232";32;"B";30404,3;"SI";"SI";"NO";"NO";"1";"Hombre"
"233";57;"A";41438,2;"NO";"NO";"NO";"NO";"1";"Hombre"
"234";49;"C";16711,3;"NO";"SI";"SI";"SI";"1";"Hombre"
"235";65;"B";52255,9;"SI";"SI";"NO";"SI";"0";"Mujer"
"236";22;"C";17866,9;"NO";"SI";"SI";"NO";"1";"Hombre"
"237";26;"A";18067,5;"NO";"NO";"NO";"NO";"1";"Hombre"
"238";23;"C";12823,7;"SI";"SI";"NO";"NO";"0";"Mujer"
"239";26;"A";11299,3;"SI";"NO";"NO";"NO";"1";"Hombre"
"240";59;"C";56031,1;"SI";"SI";"NO";"SI";"1";"Hombre"
"241";67;"C";35263,5;"SI";"SI";"NO";"SI";"0";"Mujer"
"242";34;"C";19968,1;"SI";"SI";"NO";"NO";"1";"Hombre"
"243";50;"A";27825,5;"SI";"NO";"NO";"NO";"0";"Mujer"
"244";46;"D";37773,9;"SI";"SI";"SI";"NO";"0";"Mujer"
"245";23;"C";7606,25;"SI";"NO";"NO";"NO";"1";"Hombre"
"246";26;"A";21384,4;"NO";"SI";"NO";"NO";"0";"Mujer"
"247";40;"B";20347;"NO";"SI";"NO";"NO";"0";"Mujer"
"248";36;"B";21332,3;"SI";"SI";"NO";"NO";"0";"Mujer"
"249";65;"C";57671,7;"NO";"SI";"SI";"NO";"0";"Mujer"
"250";45;"B";36057,8;"SI";"SI";"SI";"SI";"1";"Hombre"
"251";23;"C";14290,5;"NO";"SI";"SI";"NO";"0";"Mujer"
"252";42;"B";17882,9;"NO";"NO";"NO";"SI";"1";"Hombre"
"253";21;"A";10629,1;"NO";"SI";"SI";"NO";"1";"Hombre"
"254";62;"C";24262,8;"SI";"SI";"NO";"SI";"1";"Hombre"
"255";49;"D";26097,9;"NO";"SI";"NO";"NO";"1";"Hombre"
"256";28;"B";23371;"NO";"SI";"SI";"NO";"1";"Hombre"
"257";38;"B";21495,6;"NO";"SI";"SI";"NO";"1";"Hombre"
"258";36;"B";12166,9;"NO";"NO";"NO";"NO";"0";"Mujer"
"259";22;"D";17180,2;"NO";"SI";"NO";"NO";"0";"Mujer"
"260";40;"B";28882,3;"NO";"SI";"SI";"SI";"1";"Hombre"
"261";40;"B";21612,2;"NO";"SI";"NO";"NO";"1";"Hombre"
"262";60;"C";46358,4;"SI";"SI";"SI";"NO";"1";"Hombre"
"263";23;"C";19166;"SI";"NO";"NO";"SI";"0";"Mujer"
"264";21;"C";17921,8;"SI";"NO";"NO";"SI";"0";"Mujer"
"265";58;"B";33229;"SI";"SI";"NO";"SI";"0";"Mujer"
"266";48;"D";30396,1;"NO";"SI";"NO";"SI";"1";"Hombre"
"267";63;"B";34625,2;"SI";"SI";"NO";"NO";"1";"Hombre"
"268";20;"B";16672,8;"SI";"SI";"SI";"NO";"0";"Mujer"
"269";67;"D";60747,5;"NO";"SI";"SI";"SI";"1";"Hombre"
"270";62;"C";56394,3;"SI";"SI";"NO";"SI";"1";"Hombre"
"271";36;"B";13236,4;"NO";"SI";"NO";"NO";"0";"Mujer"
"272";31;"C";28409,4;"SI";"SI";"NO";"SI";"0";"Mujer"
"273";42;"C";27056,5;"SI";"SI";"NO";"NO";"1";"Hombre"
"274";18;"A";9362,58;"SI";"SI";"SI";"SI";"0";"Mujer"
"275";46;"D";28702,7;"NO";"SI";"SI";"SI";"1";"Hombre"
"276";25;"B";22366,1;"SI";"SI";"NO";"SI";"0";"Mujer"
"277";65;"A";24477,5;"NO";"NO";"SI";"NO";"1";"Hombre"
"278";40;"B";36972,4;"NO";"SI";"SI";"SI";"0";"Mujer"
"279";32;"C";22327,8;"NO";"NO";"NO";"SI";"0";"Mujer"
"280";18;"C";15610,2;"NO";"SI";"NO";"NO";"1";"Hombre"
"281";64;"C";54314,5;"SI";"NO";"NO";"SI";"0";"Mujer"
"282";43;"C";39175,8;"NO";"SI";"SI";"NO";"1";"Hombre"
"283";22;"C";13739;"NO";"SI";"NO";"NO";"1";"Hombre"
"284";25;"B";9485,84;"NO";"NO";"NO";"NO";"0";"Mujer"
"285";39;"C";24675,7;"SI";"SI";"SI";"SI";"0";"Mujer"
"286";58;"C";28253,6;"NO";"SI";"NO";"NO";"1";"Hombre"
"287";33;"C";14136,5;"NO";"NO";"NO";"NO";"0";"Mujer"
"288";52;"A";37162,1;"SI";"SI";"NO";"SI";"1";"Hombre"
"289";23;"C";13519,2;"NO";"SI";"NO";"SI";"0";"Mujer"
"290";44;"C";39253,6;"SI";"NO";"NO";"SI";"1";"Hombre"
"291";51;"A";46323,8;"SI";"SI";"SI";"SI";"0";"Mujer"
"292";26;"B";20950,7;"NO";"SI";"NO";"NO";"1";"Hombre"
"293";42;"B";22495,7;"NO";"NO";"SI";"NO";"0";"Mujer"
"294";34;"B";32548,9;"SI";"SI";"SI";"NO";"0";"Mujer"
"295";54;"A";24583,4;"SI";"SI";"SI";"NO";"1";"Hombre"
"296";18;"A";8639,24;"NO";"NO";"NO";"NO";"0";"Mujer"
"297";47;"C";17139,5;"SI";"SI";"NO";"NO";"1";"Hombre"
"298";24;"C";13667,7;"NO";"SI";"NO";"NO";"1";"Hombre"
"299";19;"C";8162,42;"SI";"SI";"SI";"NO";"1";"Hombre"
"300";37;"B";15349,6;"NO";"NO";"NO";"NO";"1";"Hombre"
"301";45;"B";29231,4;"NO";"NO";"NO";"NO";"1";"Hombre"
"302";49;"A";41462,3;"NO";"SI";"SI";"NO";"0";"Mujer"
"303";67;"A";57398,1;"NO";"SI";"NO";"SI";"1";"Hombre"
"304";35;"A";11520,8;"NO";"SI";"NO";"NO";"1";"Hombre"
"305";63;"C";52117,3;"SI";"SI";"NO";"SI";"0";"Mujer"
"306";38;"A";26281,4;"SI";"SI";"NO";"SI";"0";"Mujer"
"307";48;"B";25683,4;"SI";"SI";"NO";"NO";"0";"Mujer"
"308";28;"C";11920,7;"NO";"SI";"NO";"NO";"1";"Hombre"
"309";46;"B";30658,7;"NO";"SI";"NO";"NO";"0";"Mujer"
"310";66;"C";36646,4;"NO";"SI";"NO";"SI";"0";"Mujer"
"311";61;"B";30760,4;"SI";"SI";"NO";"SI";"1";"Hombre"
"312";18;"A";16109,9;"SI";"SI";"NO";"NO";"1";"Hombre"
"313";54;"B";18036,7;"SI";"NO";"NO";"NO";"1";"Hombre"
"314";45;"A";42628,3;"SI";"SI";"SI";"NO";"0";"Mujer"
"315";60;"C";22110,1;"SI";"SI";"NO";"NO";"0";"Mujer"
"316";45;"B";37689,1;"NO";"SI";"SI";"SI";"1";"Hombre"
"317";31;"C";23171,8;"NO";"NO";"NO";"NO";"1";"Hombre"
"318";39;"D";21951,3;"SI";"SI";"SI";"NO";"0";"Mujer"
"319";53;"C";38103,4;"SI";"SI";"NO";"SI";"0";"Mujer"
"320";35;"A";22882,9;"SI";"NO";"SI";"SI";"0";"Mujer"
"321";25;"B";11043,7;"SI";"NO";"SI";"NO";"1";"Hombre"
"322";32;"B";24027,6;"NO";"SI";"NO";"SI";"0";"Mujer"
"323";36;"D";28495,1;"NO";"SI";"NO";"NO";"0";"Mujer"
"324";24;"B";9465,21;"NO";"SI";"NO";"SI";"1";"Hombre"
"325";39;"C";34852,3;"NO";"NO";"SI";"SI";"0";"Mujer"
"326";24;"C";21268,4;"NO";"SI";"SI";"SI";"0";"Mujer"
"327";57;"A";50849,2;"NO";"NO";"SI";"SI";"1";"Hombre"
"328";27;"B";18555,9;"NO";"SI";"NO";"NO";"1";"Hombre"
"329";66;"A";52769,9;"SI";"SI";"NO";"SI";"1";"Hombre"
"330";18;"C";11601,4;"NO";"SI";"SI";"NO";"1";"Hombre"
"331";33;"B";29541,7;"NO";"NO";"NO";"NO";"1";"Hombre"
"332";48;"D";17861;"NO";"SI";"NO";"NO";"0";"Mujer"
"333";23;"D";21042;"NO";"SI";"NO";"SI";"1";"Hombre"
"334";44;"B";26688,1;"NO";"NO";"SI";"SI";"0";"Mujer"
"335";39;"C";26900,6;"NO";"NO";"SI";"NO";"0";"Mujer"
"336";65;"C";38080,9;"SI";"NO";"SI";"NO";"0";"Mujer"
"337";60;"D";37554,1;"SI";"SI";"SI";"SI";"0";"Mujer"
"338";20;"C";18184,6;"NO";"SI";"SI";"SI";"0";"Mujer"
"339";45;"D";28864,9;"NO";"SI";"NO";"NO";"1";"Hombre"
"340";66;"A";48346,1;"SI";"NO";"NO";"SI";"0";"Mujer"
"341";64;"C";53104,3;"SI";"SI";"NO";"NO";"0";"Mujer"
"342";51;"C";19416,8;"NO";"SI";"NO";"NO";"1";"Hombre"
"343";34;"A";23638,1;"SI";"SI";"NO";"NO";"0";"Mujer"
"344";65;"B";42378,2;"NO";"SI";"NO";"SI";"1";"Hombre"
"345";50;"A";39745,3;"SI";"NO";"SI";"NO";"0";"Mujer"
"346";66;"C";45189,8;"NO";"NO";"NO";"NO";"1";"Hombre"
"347";63;"C";37930,9;"NO";"NO";"SI";"NO";"0";"Mujer"
"348";53;"C";24042;"NO";"SI";"NO";"SI";"1";"Hombre"
"349";33;"C";31207,1;"SI";"SI";"SI";"SI";"1";"Hombre"
"350";38;"B";24424,3;"NO";"SI";"SI";"NO";"0";"Mujer"
"351";56;"A";24607,8;"NO";"SI";"SI";"NO";"1";"Hombre"
"352";48;"B";43057;"SI";"SI";"NO";"SI";"0";"Mujer"
"353";49;"D";30198,5;"SI";"SI";"SI";"SI";"1";"Hombre"
"354";54;"A";50186,1;"NO";"SI";"SI";"SI";"1";"Hombre"
"355";41;"D";22916,1;"NO";"SI";"NO";"NO";"1";"Hombre"
"356";19;"A";9592,73;"NO";"SI";"NO";"SI";"0";"Mujer"
"357";52;"C";34253,6;"SI";"SI";"NO";"NO";"1";"Hombre"
"358";52;"C";22792,3;"SI";"NO";"NO";"SI";"1";"Hombre"
"359";64;"B";51620,8;"SI";"SI";"NO";"SI";"1";"Hombre"
"360";56;"B";19918,9;"NO";"SI";"SI";"NO";"0";"Mujer"
"361";56;"B";29625,1;"NO";"SI";"NO";"NO";"0";"Mujer"
"362";19;"B";12549;"NO";"SI";"NO";"NO";"1";"Hombre"
"363";56;"B";51299,3;"SI";"NO";"NO";"SI";"1";"Hombre"
"364";27;"C";17364,8;"SI";"NO";"NO";"SI";"0";"Mujer"
"365";59;"C";29866,9;"SI";"SI";"NO";"SI";"1";"Hombre"
"366";56;"C";47750,2;"SI";"SI";"SI";"NO";"0";"Mujer"
"367";21;"B";11281,5;"NO";"SI";"SI";"NO";"0";"Mujer"
"368";64;"C";34073,8;"NO";"NO";"SI";"NO";"0";"Mujer"
"369";62;"C";46870,4;"NO";"SI";"NO";"NO";"0";"Mujer"
"370";44;"C";38453,7;"NO";"SI";"NO";"SI";"1";"Hombre"
"371";24;"C";7756,36;"NO";"NO";"NO";"SI";"1";"Hombre"
"372";52;"C";28413,8;"NO";"SI";"NO";"NO";"1";"Hombre"
"373";67;"D";47198,6;"NO";"SI";"NO";"SI";"1";"Hombre"
"374";41;"C";20866,3;"SI";"SI";"NO";"NO";"0";"Mujer"
"375";58;"B";33204,3;"NO";"NO";"SI";"SI";"1";"Hombre"
"376";40;"C";24823,5;"NO";"SI";"NO";"NO";"0";"Mujer"
"377";19;"D";17986,8;"NO";"SI";"SI";"SI";"0";"Mujer"
"378";20;"C";9909,82;"NO";"SI";"NO";"NO";"1";"Hombre"
"379";56;"B";26542,8;"SI";"SI";"NO";"SI";"1";"Hombre"
"380";46;"C";32583,5;"SI";"SI";"NO";"NO";"1";"Hombre"
"381";30;"C";14606,6;"NO";"SI";"NO";"NO";"0";"Mujer"
"382";40;"B";34836,8;"SI";"SI";"NO";"SI";"1";"Hombre"
"383";36;"B";26920,8;"NO";"SI";"NO";"NO";"1";"Hombre"
"384";57;"C";38248,3;"SI";"SI";"SI";"NO";"1";"Hombre"
"385";49;"C";15689,1;"NO";"SI";"NO";"NO";"0";"Mujer"
"386";61;"C";30157,7;"SI";"NO";"NO";"SI";"0";"Mujer"
"387";29;"C";14642,2;"SI";"SI";"NO";"SI";"0";"Mujer"
"388";48;"C";15933,3;"NO";"NO";"NO";"NO";"1";"Hombre"
"389";56;"C";44288,3;"NO";"SI";"NO";"NO";"1";"Hombre"
"390";40;"B";22197,1;"SI";"SI";"NO";"SI";"0";"Mujer"
"391";58;"B";38248,3;"SI";"NO";"NO";"NO";"1";"Hombre"
"392";60;"C";22053,2;"SI";"NO";"SI";"NO";"1";"Hombre"
"393";58;"D";25468,5;"SI";"NO";"SI";"SI";"1";"Hombre"
"394";67;"B";23485,9;"SI";"NO";"SI";"NO";"1";"Hombre"
"395";40;"A";25768,6;"SI";"NO";"NO";"NO";"0";"Mujer"
"396";48;"C";34182,2;"NO";"SI";"NO";"SI";"0";"Mujer"
"397";64;"C";57444,5;"NO";"SI";"NO";"SI";"1";"Hombre"
"398";43;"B";38059,8;"SI";"NO";"SI";"NO";"0";"Mujer"
"399";34;"A";19481,3;"NO";"SI";"SI";"SI";"1";"Hombre"
"400";26;"A";19563,8;"SI";"NO";"SI";"NO";"0";"Mujer"
"401";48;"C";38598,4;"SI";"SI";"NO";"NO";"0";"Mujer"
"402";35;"C";20754,3;"NO";"NO";"SI";"SI";"0";"Mujer"
"403";24;"C";13864,6;"NO";"SI";"NO";"SI";"1";"Hombre"
"404";47;"D";36599;"SI";"SI";"NO";"SI";"0";"Mujer"
"405";52;"D";45856,1;"NO";"SI";"NO";"SI";"0";"Mujer"
"406";31;"D";22362,3;"NO";"SI";"NO";"SI";"0";"Mujer"
"407";41;"D";21984;"SI";"NO";"NO";"SI";"1";"Hombre"
"408";23;"D";11073;"NO";"NO";"NO";"NO";"0";"Mujer"
"409";27;"C";18158,5;"SI";"SI";"SI";"SI";"1";"Hombre"
"410";22;"C";7304,2;"SI";"SI";"SI";"NO";"0";"Mujer"
"411";67;"C";58092;"SI";"SI";"NO";"SI";"1";"Hombre"
"412";26;"C";16518,6;"SI";"SI";"NO";"SI";"1";"Hombre"
"413";58;"D";46461,5;"NO";"SI";"NO";"NO";"1";"Hombre"
"414";27;"A";20058,7;"NO";"SI";"SI";"NO";"0";"Mujer"
"415";36;"C";12533,2;"NO";"NO";"SI";"NO";"0";"Mujer"
"416";31;"A";22848,5;"SI";"NO";"NO";"SI";"0";"Mujer"
"417";28;"B";25699,4;"SI";"NO";"NO";"SI";"1";"Hombre"
"418";57;"B";21612,6;"NO";"SI";"SI";"NO";"0";"Mujer"
"419";64;"C";48950,9;"SI";"SI";"SI";"NO";"0";"Mujer"
"420";49;"C";41438;"NO";"NO";"NO";"SI";"0";"Mujer"
"421";22;"C";11411;"SI";"SI";"NO";"NO";"0";"Mujer"
"422";58;"C";43940,6;"SI";"SI";"NO";"NO";"1";"Hombre"
"423";20;"B";17239,5;"SI";"SI";"NO";"SI";"0";"Mujer"
"424";44;"A";30488,7;"NO";"SI";"NO";"NO";"1";"Hombre"
"425";65;"B";29866,3;"NO";"NO";"NO";"NO";"1";"Hombre"
"426";53;"C";32184,4;"SI";"NO";"NO";"SI";"1";"Hombre"
"427";34;"C";17308,7;"SI";"SI";"SI";"SI";"1";"Hombre"
"428";35;"A";27863,9;"NO";"SI";"SI";"NO";"0";"Mujer"
"429";48;"B";28920,6;"NO";"NO";"SI";"NO";"0";"Mujer"
"430";64;"B";58367,3;"SI";"SI";"NO";"SI";"1";"Hombre"
"431";46;"B";16849,3;"SI";"SI";"SI";"NO";"0";"Mujer"
"432";42;"A";28138,5;"NO";"SI";"SI";"SI";"1";"Hombre"
"433";47;"C";23038,2;"SI";"NO";"NO";"NO";"0";"Mujer"
"434";23;"B";11736,9;"SI";"SI";"SI";"NO";"0";"Mujer"
"435";35;"C";16479,5;"SI";"NO";"SI";"SI";"0";"Mujer"
"436";64;"C";31415,7;"SI";"NO";"SI";"SI";"1";"Hombre"
"437";18;"D";12117,3;"NO";"SI";"NO";"NO";"1";"Hombre"
"438";19;"C";15417,1;"SI";"SI";"NO";"NO";"0";"Mujer"
"439";40;"C";29414,6;"NO";"NO";"SI";"SI";"0";"Mujer"
"440";47;"C";44682,1;"SI";"SI";"NO";"NO";"0";"Mujer"
"441";43;"A";36281;"SI";"SI";"NO";"NO";"1";"Hombre"
"442";38;"B";33302,8;"SI";"SI";"SI";"SI";"0";"Mujer"
"443";21;"A";15797,1;"NO";"SI";"NO";"SI";"1";"Hombre"
"444";40;"A";31864,8;"SI";"SI";"NO";"NO";"0";"Mujer"
"445";52;"B";43719,5;"NO";"SI";"NO";"NO";"1";"Hombre"
"446";35;"B";30799,5;"NO";"SI";"NO";"SI";"1";"Hombre"
"447";53;"A";48971,6;"SI";"NO";"NO";"SI";"0";"Mujer"
"448";38;"A";34061,4;"SI";"SI";"NO";"SI";"1";"Hombre"
"449";42;"C";28938,6;"SI";"NO";"NO";"NO";"0";"Mujer"
"450";43;"B";38540;"SI";"NO";"SI";"NO";"0";"Mujer"
"451";59;"C";27045,1;"NO";"SI";"NO";"SI";"1";"Hombre"
"452";59;"A";51284,3;"SI";"SI";"SI";"NO";"1";"Hombre"
"453";24;"C";16352,2;"NO";"SI";"SI";"NO";"0";"Mujer"
"454";27;"C";11866,4;"SI";"SI";"NO";"NO";"1";"Hombre"
"455";32;"B";13267,6;"SI";"SI";"SI";"NO";"1";"Hombre"
"456";65;"C";61554,6;"NO";"SI";"NO";"NO";"1";"Hombre"
"457";18;"D";13700,2;"NO";"SI";"NO";"NO";"0";"Mujer"
"458";66;"B";46963,9;"NO";"SI";"NO";"SI";"0";"Mujer"
"459";41;"C";23475,6;"SI";"SI";"SI";"SI";"0";"Mujer"
"460";64;"D";24554,1;"SI";"NO";"SI";"NO";"1";"Hombre"
"461";23;"C";18050;"SI";"SI";"SI";"SI";"1";"Hombre"
"462";29;"A";15237,6;"SI";"SI";"NO";"NO";"1";"Hombre"
"463";28;"B";20555;"SI";"SI";"NO";"SI";"0";"Mujer"
"464";57;"B";28421,7;"SI";"SI";"SI";"NO";"1";"Hombre"
"465";38;"C";21876,5;"NO";"SI";"NO";"NO";"0";"Mujer"
"466";34;"D";12810,2;"NO";"SI";"NO";"SI";"1";"Hombre"
"467";43;"D";15109,4;"NO";"SI";"NO";"SI";"0";"Mujer"
"468";63;"B";37414,7;"SI";"SI";"NO";"NO";"0";"Mujer"
"469";62;"C";41521,6;"NO";"SI";"SI";"NO";"1";"Hombre"
"470";51;"C";25372,8;"SI";"SI";"NO";"NO";"1";"Hombre"
"471";61;"C";21139,8;"SI";"NO";"NO";"NO";"0";"Mujer"
"472";41;"B";27757,6;"NO";"SI";"NO";"SI";"1";"Hombre"
"473";31;"B";22678,1;"SI";"SI";"SI";"SI";"1";"Hombre"
"474";33;"B";12178,5;"NO";"SI";"SI";"NO";"1";"Hombre"
"475";43;"A";26106,7;"NO";"SI";"NO";"SI";"0";"Mujer"
"476";40;"C";27417,6;"NO";"SI";"SI";"NO";"0";"Mujer"
"477";47;"B";23337,2;"NO";"SI";"SI";"NO";"0";"Mujer"
"478";46;"B";43395,5;"SI";"SI";"NO";"SI";"0";"Mujer"
"479";30;"A";11536,2;"NO";"SI";"SI";"NO";"0";"Mujer"
"480";47;"C";44658,6;"SI";"SI";"NO";"SI";"0";"Mujer"
"481";44;"A";32762,5;"NO";"SI";"SI";"NO";"0";"Mujer"
"482";23;"A";16403,8;"SI";"NO";"NO";"NO";"0";"Mujer"
"483";28;"C";21184,7;"SI";"SI";"NO";"SI";"1";"Hombre"
"484";64;"C";49917,3;"SI";"SI";"SI";"NO";"1";"Hombre"
"485";35;"B";21623,8;"NO";"NO";"SI";"NO";"1";"Hombre"
"486";19;"A";16625,9;"NO";"SI";"NO";"SI";"0";"Mujer"
"487";27;"B";14014,5;"NO";"NO";"NO";"NO";"1";"Hombre"
"488";27;"C";20409,3;"NO";"NO";"NO";"SI";"0";"Mujer"
"489";58;"C";31671,3;"SI";"NO";"SI";"SI";"1";"Hombre"
"490";46;"B";17149,2;"SI";"SI";"NO";"SI";"1";"Hombre"
"491";61;"B";27756,3;"SI";"NO";"SI";"SI";"1";"Hombre"
"492";59;"C";40949,9;"NO";"SI";"NO";"SI";"0";"Mujer"
"493";47;"A";43743,2;"NO";"SI";"NO";"NO";"1";"Hombre"
"494";44;"C";38459,9;"NO";"NO";"SI";"SI";"0";"Mujer"
"495";50;"B";40972,9;"SI";"SI";"SI";"SI";"0";"Mujer"
"496";64;"C";46587,9;"NO";"SI";"NO";"SI";"0";"Mujer"
"497";51;"B";43799,6;"NO";"SI";"SI";"NO";"1";"Hombre"
"498";46;"B";18912,2;"SI";"SI";"NO";"SI";"1";"Hombre"
"499";39;"C";27765,8;"SI";"NO";"NO";"NO";"1";"Hombre"
"500";58;"C";33007,3;"SI";"SI";"NO";"SI";"1";"Hombre"
"501";32;"B";26325,3;"SI";"NO";"NO";"NO";"1";"Hombre"
"502";22;"C";15308,2;"SI";"SI";"SI";"NO";"1";"Hombre"
"503";63;"C";59805,6;"SI";"SI";"NO";"SI";"1";"Hombre"
"504";35;"B";28658,3;"SI";"SI";"NO";"NO";"1";"Hombre"
"505";59;"C";23175;"NO";"NO";"SI";"SI";"1";"Hombre"
"506";22;"D";11595,4;"SI";"SI";"NO";"SI";"1";"Hombre"
"507";60;"D";50409,9;"NO";"SI";"SI";"SI";"0";"Mujer"
"508";23;"A";11215,3;"SI";"SI";"NO";"SI";"1";"Hombre"
"509";29;"B";13327,8;"NO";"NO";"NO";"NO";"1";"Hombre"
"510";44;"C";16088,8;"NO";"SI";"NO";"NO";"0";"Mujer"
"511";63;"B";43943;"SI";"SI";"SI";"NO";"1";"Hombre"
"512";25;"A";14505,3;"NO";"SI";"NO";"NO";"1";"Hombre"
"513";37;"C";33886,4;"SI";"NO";"NO";"SI";"0";"Mujer"
"514";48;"C";16662,5;"NO";"SI";"NO";"SI";"1";"Hombre"
"515";35;"B";20262,6;"NO";"NO";"NO";"SI";"1";"Hombre"
"516";51;"B";33615,4;"NO";"NO";"SI";"SI";"0";"Mujer"
"517";27;"B";22007,1;"NO";"SI";"NO";"NO";"1";"Hombre"
"518";56;"C";28981,1;"SI";"SI";"SI";"NO";"1";"Hombre"
"519";38;"C";12163,9;"SI";"SI";"NO";"SI";"1";"Hombre"
"520";36;"B";17247,7;"SI";"SI";"NO";"NO";"1";"Hombre"
"521";27;"D";12683,6;"NO";"SI";"SI";"NO";"0";"Mujer"
"522";34;"B";16291;"SI";"NO";"SI";"NO";"1";"Hombre"
"523";44;"D";18707,3;"SI";"SI";"SI";"SI";"0";"Mujer"
"524";43;"C";19326,9;"NO";"SI";"NO";"SI";"1";"Hombre"
"525";32;"C";14511,8;"NO";"NO";"SI";"NO";"0";"Mujer"
"526";21;"B";10672;"NO";"SI";"SI";"NO";"1";"Hombre"
"527";30;"C";25830,5;"NO";"SI";"NO";"NO";"1";"Hombre"
"528";55;"A";43499,5;"SI";"SI";"NO";"NO";"0";"Mujer"
"529";64;"D";59175,1;"NO";"SI";"NO";"SI";"0";"Mujer"
"530";36;"C";27642,9;"SI";"NO";"NO";"SI";"1";"Hombre"
"531";59;"C";30067,5;"NO";"SI";"NO";"SI";"0";"Mujer"
"532";60;"C";29714,4;"SI";"SI";"SI";"SI";"0";"Mujer"
"533";27;"B";13950,4;"SI";"SI";"SI";"NO";"1";"Hombre"
"534";29;"C";10072,6;"NO";"SI";"NO";"NO";"0";"Mujer"
"535";53;"C";37850,6;"NO";"SI";"NO";"SI";"1";"Hombre"
"536";61;"A";57176,4;"NO";"SI";"NO";"SI";"1";"Hombre"
"537";43;"C";38784;"NO";"SI";"NO";"NO";"1";"Hombre"
"538";19;"C";10191,8;"NO";"SI";"SI";"SI";"0";"Mujer"
"539";48;"C";21821,4;"SI";"NO";"SI";"SI";"1";"Hombre"
"540";39;"A";37389;"NO";"SI";"NO";"SI";"0";"Mujer"
"541";32;"C";14627,9;"SI";"SI";"NO";"NO";"0";"Mujer"
"542";63;"D";48770,5;"SI";"NO";"SI";"SI";"0";"Mujer"
"543";46;"A";21096,2;"SI";"SI";"NO";"SI";"0";"Mujer"
"544";40;"C";36256,9;"NO";"SI";"SI";"SI";"0";"Mujer"
"545";27;"C";15281,8;"SI";"NO";"SI";"SI";"1";"Hombre"
"546";22;"D";9316,98;"SI";"SI";"NO";"NO";"0";"Mujer"
"547";42;"A";20736,2;"SI";"SI";"NO";"SI";"0";"Mujer"
"548";58;"B";52662,5;"SI";"SI";"SI";"SI";"1";"Hombre"
"549";23;"C";8020,19;"SI";"SI";"NO";"NO";"1";"Hombre"
"550";58;"D";32245,4;"NO";"NO";"NO";"NO";"0";"Mujer"
"551";45;"C";41107,2;"SI";"SI";"NO";"NO";"0";"Mujer"
"552";49;"D";39358,3;"SI";"NO";"SI";"NO";"1";"Hombre"
"553";67;"C";36095,9;"SI";"SI";"NO";"NO";"1";"Hombre"
"554";20;"B";7723,93;"SI";"SI";"NO";"NO";"1";"Hombre"
"555";43;"A";18565,8;"SI";"SI";"SI";"SI";"1";"Hombre"
"556";41;"A";25132,9;"NO";"SI";"NO";"NO";"0";"Mujer"
"557";38;"D";31290,6;"NO";"SI";"NO";"NO";"1";"Hombre"
"558";67;"D";24858,4;"NO";"SI";"SI";"SI";"1";"Hombre"
"559";40;"C";16398,8;"NO";"SI";"NO";"SI";"0";"Mujer"
"560";25;"D";23287,9;"NO";"SI";"SI";"SI";"1";"Hombre"
"561";57;"A";50897,6;"NO";"SI";"NO";"NO";"1";"Hombre"
"562";32;"C";22446,5;"NO";"SI";"SI";"SI";"1";"Hombre"
"563";44;"D";23092,1;"SI";"SI";"SI";"SI";"0";"Mujer"
"564";30;"B";24867,6;"SI";"NO";"NO";"NO";"0";"Mujer"
"565";43;"B";22234,7;"NO";"SI";"SI";"NO";"0";"Mujer"
"566";19;"C";17371,1;"SI";"SI";"NO";"NO";"1";"Hombre"
"567";37;"B";29574;"SI";"SI";"NO";"NO";"1";"Hombre"
"568";49;"C";17944,2;"SI";"SI";"SI";"SI";"0";"Mujer"
"569";49;"A";33665,5;"SI";"SI";"NO";"NO";"1";"Hombre"
"570";40;"C";36166,2;"NO";"NO";"NO";"NO";"0";"Mujer"
"571";33;"D";27712,9;"NO";"SI";"NO";"SI";"1";"Hombre"
"572";39;"B";22400,7;"SI";"SI";"NO";"NO";"0";"Mujer"
"573";43;"C";28469,9;"SI";"SI";"NO";"NO";"1";"Hombre"
"574";37;"B";30488;"NO";"SI";"SI";"NO";"0";"Mujer"
"575";24;"B";19160,3;"SI";"SI";"NO";"SI";"1";"Hombre"
"576";62;"B";45342,5;"SI";"NO";"NO";"SI";"0";"Mujer"
"577";18;"C";6294,21;"NO";"SI";"SI";"NO";"0";"Mujer"
"578";47;"B";25127,7;"SI";"NO";"NO";"NO";"1";"Hombre"
"579";63;"D";51879,3;"SI";"NO";"SI";"SI";"0";"Mujer"
"580";20;"B";12644,9;"SI";"SI";"SI";"NO";"0";"Mujer"
"581";46;"B";21984,4;"NO";"NO";"NO";"NO";"1";"Hombre"
"582";47;"A";29093,1;"SI";"SI";"NO";"NO";"1";"Hombre"
"583";33;"B";23528,4;"NO";"SI";"SI";"SI";"0";"Mujer"
"584";20;"B";9516,91;"SI";"SI";"NO";"NO";"0";"Mujer"
"585";20;"C";18364,9;"NO";"SI";"NO";"SI";"0";"Mujer"
"586";43;"B";31273,8;"SI";"NO";"NO";"SI";"1";"Hombre"
"587";58;"A";49673,6;"NO";"SI";"NO";"NO";"0";"Mujer"
"588";29;"D";12623,4;"SI";"SI";"NO";"NO";"0";"Mujer"
"589";25;"C";23818,6;"NO";"NO";"NO";"NO";"0";"Mujer"
"590";40;"C";31473,9;"NO";"SI";"SI";"SI";"1";"Hombre"
"591";48;"B";20268;"NO";"SI";"NO";"NO";"0";"Mujer"
"592";65;"D";51417;"NO";"SI";"NO";"SI";"0";"Mujer"
"593";59;"A";30971,8;"SI";"SI";"SI";"NO";"1";"Hombre"
"594";61;"C";47025;"SI";"SI";"SI";"NO";"1";"Hombre"
"595";30;"C";9672,25;"SI";"SI";"NO";"NO";"1";"Hombre"
"596";31;"B";15976,3;"SI";"NO";"NO";"SI";"1";"Hombre"
"597";29;"C";14711,8;"NO";"NO";"SI";"NO";"0";"Mujer"
"598";38;"B";26671,6;"SI";"SI";"SI";"SI";"0";"Mujer"
