"","Edad","Sucursal","Ingreso_Anual","Bienes","Tarjetas","Cr√©dito","Solicitud","Sexo"
"1",48,"C",50576.3,"NO","NO","NO","SI","1"
"2",40,"B",30085.1,"SI","SI","SI","NO","0"
"3",51,"C",16575.4,"SI","SI","NO","NO","1"
"4",23,"B",20375.4,"NO","SI","NO","NO","1"
"5",57,"A",50576.3,"NO","NO","NO","NO","1"
"6",57,"B",37869.6,"NO","SI","NO","SI","1"
"7",22,"A",8877.07,"NO","SI","NO","SI","0"
"8",58,"B",24946.6,"SI","SI","NO","NO","0"
"9",54,"B",24212.1,"SI","SI","NO","NO","0"
"10",66,"B",59803.9,"NO","SI","NO","NO","1"
"11",52,"C",26658.8,"SI","SI","SI","NO","1"
"12",44,"B",15735.8,"NO","SI","SI","SI","1"
"13",66,"B",55204.7,"SI","SI","SI","SI","1"
"14",36,"A",19474.6,"NO","SI","SI","NO","0"
"15",38,"C",22342.1,"SI","SI","SI","NO","1"
"16",37,"B",17729.8,"NO","NO","SI","NO","1"
"17",46,"D",41016,"NO","NO","SI","NO","1"
"18",62,"C",26909.2,"NO","NO","NO","SI","1"
"19",31,"B",22522.8,"SI","SI","NO","NO","0"
"20",61,"C",57880.7,"NO","NO","NO","SI","0"
"21",50,"B",16497.3,"NO","SI","NO","NO","0"
"22",54,"C",38446.6,"NO","SI","NO","NO","0"
"23",27,"B",15538.8,"SI","SI","SI","NO","1"
"24",22,"C",12640.3,"SI","SI","NO","NO","0"
"25",56,"C",41034,"SI","SI","SI","NO","0"
"26",45,"C",20809.7,"NO","SI","SI","NO","0"
"27",39,"B",20114,"NO","SI","NO","SI","1"
"28",39,"C",29359.1,"SI","SI","SI","NO","1"
"29",61,"A",24270.1,"NO","SI","NO","SI","0"
"30",61,"A",22942.9,"NO","SI","NO","NO","1"
"31",20,"B",16325.8,"NO","NO","NO","NO","1"
"32",45,"D",23443.2,"SI","SI","NO","SI","0"
"33",33,"C",29921.3,"SI","NO","NO","NO","1"
"34",43,"D",37521.9,"NO","SI","NO","SI","0"
"35",27,"C",19868,"NO","SI","NO","NO","1"
"36",19,"A",10953,"SI","SI","NO","NO","0"
"37",36,"A",13381,"SI","SI","NO","SI","1"
"38",43,"B",18504.3,"SI","SI","NO","NO","1"
"39",66,"D",25391.5,"NO","SI","NO","NO","1"
"40",55,"B",26774.2,"NO","SI","SI","SI","0"
"41",47,"C",26952.6,"SI","SI","NO","NO","1"
"42",67,"B",55716.5,"SI","NO","NO","SI","0"
"43",32,"B",27571.5,"SI","SI","SI","NO","1"
"44",20,"C",13740,"SI","SI","SI","NO","0"
"45",64,"C",52670.6,"NO","SI","SI","SI","0"
"46",50,"C",13283.9,"SI","SI","NO","SI","1"
"47",29,"C",13106.6,"NO","SI","SI","SI","0"
"48",52,"C",39547.8,"SI","SI","NO","SI","0"
"49",47,"A",17867.3,"SI","NO","NO","NO","1"
"50",24,"B",14309.7,"SI","NO","NO","NO","0"
"51",36,"B",23894.8,"NO","NO","NO","NO","0"
"52",43,"B",16259.7,"NO","SI","NO","SI","0"
"53",48,"D",29794.1,"NO","SI","NO","SI","0"
"54",63,"B",56842.5,"NO","SI","SI","NO","0"
"55",52,"A",47835.8,"NO","NO","NO","SI","1"
"56",58,"C",24977.5,"NO","SI","NO","SI","1"
"57",28,"C",23124.9,"NO","SI","NO","SI","0"
"58",29,"C",15143.8,"NO","SI","NO","NO","1"
"59",34,"C",25334.3,"SI","SI","SI","SI","0"
"60",42,"C",24763.3,"NO","SI","SI","SI","1"
"61",65,"C",36589,"SI","SI","NO","SI","1"
"62",47,"C",27022.6,"NO","SI","NO","NO","0"
"63",20,"C",11700.4,"NO","NO","NO","NO","0"
"64",21,"B",5014.21,"SI","SI","SI","NO","0"
"65",42,"C",17390.1,"NO","SI","NO","NO","0"
"66",19,"B",10861,"NO","SI","NO","NO","0"
"67",41,"B",34892.9,"NO","SI","SI","NO","1"
"68",30,"B",19403.1,"NO","SI","NO","NO","0"
"69",31,"A",10441.9,"NO","SI","NO","SI","1"
"70",25,"C",14064.9,"SI","SI","NO","NO","0"
"71",21,"C",8062.73,"NO","SI","NO","SI","0"
"72",36,"C",31982,"SI","SI","SI","SI","0"
"73",58,"C",23197.5,"NO","NO","SI","NO","1"
"74",64,"C",52674,"SI","SI","NO","SI","1"
"75",59,"A",35610.5,"SI","NO","NO","SI","1"
"76",45,"B",26948,"NO","SI","SI","NO","1"
"77",61,"C",49456.7,"SI","SI","SI","SI","0"
"78",30,"C",14724.5,"SI","SI","NO","NO","1"
"79",58,"B",34524.9,"SI","NO","NO","SI","1"
"80",50,"B",22052.1,"NO","SI","NO","SI","1"
"81",30,"C",27808.1,"NO","SI","NO","NO","0"
"82",29,"C",12591.4,"NO","SI","NO","NO","1"
"83",35,"C",16394.4,"NO","SI","NO","SI","0"
"84",62,"C",24026.1,"NO","SI","SI","SI","0"
"85",36,"C",31683.1,"SI","SI","NO","SI","0"
"86",25,"C",15525,"NO","SI","NO","NO","1"
"87",66,"B",22562.2,"SI","SI","SI","NO","1"
"88",30,"D",15848.7,"SI","NO","SI","NO","0"
"89",54,"C",31095.6,"NO","SI","NO","SI","1"
"90",37,"B",24814.5,"SI","SI","SI","SI","0"
"91",28,"C",25429.3,"NO","SI","SI","NO","1"
"92",53,"A",34866.5,"NO","SI","NO","SI","1"
"93",61,"C",42579.1,"SI","SI","NO","NO","0"
"94",61,"C",41127.4,"SI","NO","NO","NO","1"
"95",18,"C",9990.11,"NO","SI","NO","NO","1"
"96",22,"C",7948.62,"NO","NO","SI","NO","0"
"97",34,"B",30870.8,"SI","SI","SI","SI","0"
"98",35,"C",12125.8,"NO","SI","NO","NO","1"
"99",18,"A",15348.9,"SI","SI","NO","NO","1"
"100",54,"C",26707.9,"NO","SI","SI","SI","0"
"101",27,"C",11604.4,"SI","SI","NO","NO","1"
"102",42,"C",15499.9,"SI","SI","SI","SI","0"
"103",43,"B",33088.5,"NO","SI","SI","NO","0"
"104",64,"C",34513.6,"NO","SI","NO","SI","1"
"105",43,"B",32395.5,"SI","SI","NO","NO","0"
"106",49,"A",46633,"SI","NO","NO","NO","0"
"107",23,"C",13039.9,"NO","SI","NO","NO","0"
"108",23,"C",12681.9,"NO","SI","NO","SI","0"
"109",30,"C",24031.5,"SI","SI","SI","NO","1"
"110",36,"B",37330.5,"NO","SI","NO","SI","0"
"111",34,"C",25333.2,"SI","NO","SI","NO","0"
"112",51,"C",37094.2,"SI","SI","NO","NO","1"
"113",36,"B",33630.6,"SI","SI","NO","SI","0"
"114",56,"C",43228.2,"SI","SI","NO","SI","0"
"115",54,"C",47796.8,"NO","SI","NO","NO","1"
"116",56,"B",21730.3,"NO","NO","NO","NO","1"
"117",26,"C",10044.1,"NO","SI","SI","NO","0"
"118",39,"B",17270.1,"SI","NO","NO","SI","0"
"119",64,"A",45765,"SI","SI","NO","SI","1"
"120",46,"A",29525.5,"NO","NO","SI","NO","0"
"121",62,"A",54863.8,"SI","SI","NO","SI","1"
"122",36,"B",20799,"NO","NO","SI","SI","1"
"123",35,"A",33028.3,"NO","SI","NO","SI","1"
"124",47,"A",45031.9,"SI","NO","NO","SI","0"
"125",47,"C",39010.8,"NO","SI","NO","SI","0"
"126",37,"B",25257.7,"SI","SI","NO","NO","1"
"127",48,"C",42603.9,"NO","SI","NO","NO","1"
"128",41,"B",14092.7,"SI","SI","NO","NO","0"
"129",27,"A",21350.3,"SI","SI","NO","SI","1"
"130",43,"C",23246.4,"NO","SI","NO","NO","0"
"131",61,"A",41609.5,"NO","SI","SI","NO","0"
"132",52,"D",16716.1,"SI","SI","NO","NO","1"
"133",64,"D",36436.4,"SI","SI","NO","NO","1"
"134",66,"B",59503.8,"SI","SI","SI","SI","1"
"135",53,"B",31334.8,"SI","SI","NO","SI","1"
"136",20,"C",14048.9,"SI","SI","SI","NO","1"
"137",57,"C",39205.3,"NO","SI","NO","SI","1"
"138",65,"A",42173.9,"NO","SI","NO","NO","1"
"139",64,"C",55263,"NO","SI","NO","SI","1"
"140",52,"C",37095.2,"NO","SI","NO","NO","0"
"141",47,"C",22791.4,"NO","SI","NO","NO","1"
"142",28,"B",17240.6,"SI","NO","SI","NO","1"
"143",64,"B",48974.8,"SI","SI","SI","NO","0"
"144",25,"C",18923,"NO","SI","NO","SI","0"
"145",58,"D",51204.2,"NO","NO","SI","SI","0"
"146",34,"B",20236.2,"SI","SI","NO","NO","0"
"147",20,"C",18860.3,"NO","SI","NO","NO","1"
"148",63,"A",25732.5,"SI","NO","NO","NO","0"
"149",30,"D",28240.4,"SI","SI","NO","NO","1"
"150",53,"A",28193.6,"SI","SI","NO","SI","0"
"151",43,"B",36432.8,"SI","SI","NO","SI","0"
"152",63,"B",54618.8,"NO","NO","SI","SI","0"
"153",33,"C",24760.8,"NO","SI","SI","SI","0"
"154",41,"A",23356.1,"SI","NO","NO","NO","0"
"155",20,"D",8143.75,"NO","SI","NO","SI","1"
"156",50,"B",26462.5,"SI","SI","NO","NO","0"
"157",24,"A",20467.3,"SI","SI","NO","NO","0"
"158",60,"B",21506.2,"NO","SI","NO","SI","1"
"159",44,"B",15315.3,"NO","SI","NO","SI","1"
"160",23,"C",18875.7,"SI","SI","NO","NO","0"
"161",40,"C",12977.2,"NO","NO","NO","NO","1"
"162",49,"B",20708.5,"NO","SI","NO","NO","1"
"163",21,"B",7549.38,"SI","SI","NO","NO","1"
"164",40,"C",24904,"NO","NO","NO","NO","1"
"165",26,"A",24071.8,"NO","SI","SI","SI","0"
"166",20,"B",9589.91,"NO","SI","SI","NO","0"
"167",24,"C",8562.86,"NO","NO","SI","NO","0"
"168",37,"B",26707.5,"SI","SI","NO","NO","1"
"169",56,"C",34020.5,"NO","SI","NO","NO","0"
"170",52,"C",49175.7,"SI","SI","NO","NO","0"
"171",22,"C",19726.3,"NO","SI","NO","NO","0"
"172",35,"C",24346.6,"SI","SI","NO","NO","0"
"173",34,"A",26999.4,"SI","SI","NO","SI","0"
"174",67,"B",41558.1,"NO","SI","NO","SI","1"
"175",58,"C",56340.3,"NO","SI","NO","SI","1"
"176",40,"B",37558.5,"SI","SI","NO","NO","0"
"177",41,"C",30099.3,"SI","SI","SI","SI","1"
"178",43,"C",15254.8,"NO","NO","NO","SI","0"
"179",63,"C",36086.1,"NO","SI","NO","SI","0"
"180",22,"C",17655,"NO","SI","SI","SI","1"
"181",60,"A",56658.9,"NO","SI","NO","SI","0"
"182",65,"C",37706.5,"SI","SI","SI","NO","1"
"183",48,"C",18516,"SI","SI","SI","NO","1"
"184",38,"C",29622,"SI","NO","SI","NO","1"
"185",49,"A",32669.9,"SI","SI","SI","SI","0"
"186",20,"C",18275.5,"NO","NO","SI","SI","1"
"187",48,"B",34410,"NO","SI","NO","SI","1"
"188",41,"C",21796.6,"NO","SI","NO","NO","1"
"189",67,"D",63130.1,"SI","SI","NO","SI","1"
"190",39,"C",14996.4,"SI","NO","NO","NO","0"
"191",64,"A",49024.9,"NO","SI","NO","SI","1"
"192",41,"C",16249.8,"SI","SI","SI","SI","0"
"193",55,"D",36192.1,"SI","SI","NO","SI","0"
"194",52,"C",17839.9,"NO","NO","SI","SI","0"
"195",30,"C",18802.4,"NO","SI","SI","SI","1"
"196",52,"C",48720.3,"SI","SI","NO","SI","0"
"197",26,"C",14585.9,"NO","SI","SI","NO","0"
"198",26,"C",20819,"NO","SI","NO","SI","1"
"199",46,"B",26077.8,"SI","SI","NO","SI","0"
"200",46,"B",41627.1,"NO","SI","SI","NO","1"
"201",52,"C",16977.3,"NO","SI","NO","NO","0"
"202",37,"C",19012.8,"SI","SI","NO","NO","0"
"203",22,"C",12764.8,"NO","SI","SI","SI","0"
"204",18,"C",14388.6,"SI","SI","SI","SI","0"
"205",63,"C",59409.1,"SI","SI","NO","SI","0"
"206",25,"C",14960.2,"NO","SI","SI","NO","1"
"207",67,"C",39666.6,"SI","SI","NO","NO","0"
"208",27,"C",20771.9,"NO","NO","NO","SI","0"
"209",61,"C",24474.1,"SI","NO","NO","SI","0"
"210",58,"B",33123.7,"SI","SI","NO","SI","0"
"211",22,"C",14433.4,"SI","SI","NO","SI","0"
"212",28,"B",13175.5,"NO","SI","NO","SI","0"
"213",23,"C",9824.37,"NO","SI","NO","NO","0"
"214",27,"D",17610.3,"NO","SI","NO","NO","0"
"215",27,"D",15156.2,"SI","SI","NO","NO","1"
"216",40,"C",31774.1,"SI","SI","SI","NO","1"
"217",39,"B",31693.5,"SI","NO","NO","SI","0"
"218",35,"C",28598.7,"SI","SI","NO","NO","1"
"219",37,"C",26261.7,"SI","NO","NO","NO","1"
"220",47,"C",42124.1,"NO","SI","NO","SI","0"
"221",42,"C",39308.7,"NO","SI","NO","SI","1"
"222",67,"C",43530,"NO","SI","SI","NO","1"
"223",57,"A",49874.4,"NO","SI","NO","SI","0"
"224",47,"A",27434.8,"SI","SI","NO","SI","1"
"225",67,"C",50474.6,"SI","SI","NO","SI","0"
"226",56,"B",24888.2,"NO","SI","NO","SI","0"
"227",37,"A",28021.6,"SI","SI","SI","SI","0"
"228",27,"C",12279.5,"SI","NO","NO","SI","0"
"229",59,"C",30189.4,"SI","SI","SI","SI","1"
"230",31,"C",28969.4,"NO","SI","SI","NO","0"
"231",31,"D",14058.5,"NO","SI","SI","SI","0"
"232",32,"B",30404.3,"SI","SI","NO","NO","1"
"233",57,"A",41438.2,"NO","NO","NO","NO","1"
"234",49,"C",16711.3,"NO","SI","SI","SI","1"
"235",65,"B",52255.9,"SI","SI","NO","SI","0"
"236",22,"C",17866.9,"NO","SI","SI","NO","1"
"237",26,"A",18067.5,"NO","NO","NO","NO","1"
"238",23,"C",12823.7,"SI","SI","NO","NO","0"
"239",26,"A",11299.3,"SI","NO","NO","NO","1"
"240",59,"C",56031.1,"SI","SI","NO","SI","1"
"241",67,"C",35263.5,"SI","SI","NO","SI","0"
"242",34,"C",19968.1,"SI","SI","NO","NO","1"
"243",50,"A",27825.5,"SI","NO","NO","NO","0"
"244",46,"D",37773.9,"SI","SI","SI","NO","0"
"245",23,"C",7606.25,"SI","NO","NO","NO","1"
"246",26,"A",21384.4,"NO","SI","NO","NO","0"
"247",40,"B",20347,"NO","SI","NO","NO","0"
"248",36,"B",21332.3,"SI","SI","NO","NO","0"
"249",65,"C",57671.7,"NO","SI","SI","NO","0"
"250",45,"B",36057.8,"SI","SI","SI","SI","1"
"251",23,"C",14290.5,"NO","SI","SI","NO","0"
"252",42,"B",17882.9,"NO","NO","NO","SI","1"
"253",21,"A",10629.1,"NO","SI","SI","NO","1"
"254",62,"C",24262.8,"SI","SI","NO","SI","1"
"255",49,"D",26097.9,"NO","SI","NO","NO","1"
"256",28,"B",23371,"NO","SI","SI","NO","1"
"257",38,"B",21495.6,"NO","SI","SI","NO","1"
"258",36,"B",12166.9,"NO","NO","NO","NO","0"
"259",22,"D",17180.2,"NO","SI","NO","NO","0"
"260",40,"B",28882.3,"NO","SI","SI","SI","1"
"261",40,"B",21612.2,"NO","SI","NO","NO","1"
"262",60,"C",46358.4,"SI","SI","SI","NO","1"
"263",23,"C",19166,"SI","NO","NO","SI","0"
"264",21,"C",17921.8,"SI","NO","NO","SI","0"
"265",58,"B",33229,"SI","SI","NO","SI","0"
"266",48,"D",30396.1,"NO","SI","NO","SI","1"
"267",63,"B",34625.2,"SI","SI","NO","NO","1"
"268",20,"B",16672.8,"SI","SI","SI","NO","0"
"269",67,"D",60747.5,"NO","SI","SI","SI","1"
"270",62,"C",56394.3,"SI","SI","NO","SI","1"
"271",36,"B",13236.4,"NO","SI","NO","NO","0"
"272",31,"C",28409.4,"SI","SI","NO","SI","0"
"273",42,"C",27056.5,"SI","SI","NO","NO","1"
"274",18,"A",9362.58,"SI","SI","SI","SI","0"
"275",46,"D",28702.7,"NO","SI","SI","SI","1"
"276",25,"B",22366.1,"SI","SI","NO","SI","0"
"277",65,"A",24477.5,"NO","NO","SI","NO","1"
"278",40,"B",36972.4,"NO","SI","SI","SI","0"
"279",32,"C",22327.8,"NO","NO","NO","SI","0"
"280",18,"C",15610.2,"NO","SI","NO","NO","1"
"281",64,"C",54314.5,"SI","NO","NO","SI","0"
"282",43,"C",39175.8,"NO","SI","SI","NO","1"
"283",22,"C",13739,"NO","SI","NO","NO","1"
"284",25,"B",9485.84,"NO","NO","NO","NO","0"
"285",39,"C",24675.7,"SI","SI","SI","SI","0"
"286",58,"C",28253.6,"NO","SI","NO","NO","1"
"287",33,"C",14136.5,"NO","NO","NO","NO","0"
"288",52,"A",37162.1,"SI","SI","NO","SI","1"
"289",23,"C",13519.2,"NO","SI","NO","SI","0"
"290",44,"C",39253.6,"SI","NO","NO","SI","1"
"291",51,"A",46323.8,"SI","SI","SI","SI","0"
"292",26,"B",20950.7,"NO","SI","NO","NO","1"
"293",42,"B",22495.7,"NO","NO","SI","NO","0"
"294",34,"B",32548.9,"SI","SI","SI","NO","0"
"295",54,"A",24583.4,"SI","SI","SI","NO","1"
"296",18,"A",8639.24,"NO","NO","NO","NO","0"
"297",47,"C",17139.5,"SI","SI","NO","NO","1"
"298",24,"C",13667.7,"NO","SI","NO","NO","1"
"299",19,"C",8162.42,"SI","SI","SI","NO","1"
"300",37,"B",15349.6,"NO","NO","NO","NO","1"
"301",45,"B",29231.4,"NO","NO","NO","NO","1"
"302",49,"A",41462.3,"NO","SI","SI","NO","0"
"303",67,"A",57398.1,"NO","SI","NO","SI","1"
"304",35,"A",11520.8,"NO","SI","NO","NO","1"
"305",63,"C",52117.3,"SI","SI","NO","SI","0"
"306",38,"A",26281.4,"SI","SI","NO","SI","0"
"307",48,"B",25683.4,"SI","SI","NO","NO","0"
"308",28,"C",11920.7,"NO","SI","NO","NO","1"
"309",46,"B",30658.7,"NO","SI","NO","NO","0"
"310",66,"C",36646.4,"NO","SI","NO","SI","0"
"311",61,"B",30760.4,"SI","SI","NO","SI","1"
"312",18,"A",16109.9,"SI","SI","NO","NO","1"
"313",54,"B",18036.7,"SI","NO","NO","NO","1"
"314",45,"A",42628.3,"SI","SI","SI","NO","0"
"315",60,"C",22110.1,"SI","SI","NO","NO","0"
"316",45,"B",37689.1,"NO","SI","SI","SI","1"
"317",31,"C",23171.8,"NO","NO","NO","NO","1"
"318",39,"D",21951.3,"SI","SI","SI","NO","0"
"319",53,"C",38103.4,"SI","SI","NO","SI","0"
"320",35,"A",22882.9,"SI","NO","SI","SI","0"
"321",25,"B",11043.7,"SI","NO","SI","NO","1"
"322",32,"B",24027.6,"NO","SI","NO","SI","0"
"323",36,"D",28495.1,"NO","SI","NO","NO","0"
"324",24,"B",9465.21,"NO","SI","NO","SI","1"
"325",39,"C",34852.3,"NO","NO","SI","SI","0"
"326",24,"C",21268.4,"NO","SI","SI","SI","0"
"327",57,"A",50849.2,"NO","NO","SI","SI","1"
"328",27,"B",18555.9,"NO","SI","NO","NO","1"
"329",66,"A",52769.9,"SI","SI","NO","SI","1"
"330",18,"C",11601.4,"NO","SI","SI","NO","1"
"331",33,"B",29541.7,"NO","NO","NO","NO","1"
"332",48,"D",17861,"NO","SI","NO","NO","0"
"333",23,"D",21042,"NO","SI","NO","SI","1"
"334",44,"B",26688.1,"NO","NO","SI","SI","0"
"335",39,"C",26900.6,"NO","NO","SI","NO","0"
"336",65,"C",38080.9,"SI","NO","SI","NO","0"
"337",60,"D",37554.1,"SI","SI","SI","SI","0"
"338",20,"C",18184.6,"NO","SI","SI","SI","0"
"339",45,"D",28864.9,"NO","SI","NO","NO","1"
"340",66,"A",48346.1,"SI","NO","NO","SI","0"
"341",64,"C",53104.3,"SI","SI","NO","NO","0"
"342",51,"C",19416.8,"NO","SI","NO","NO","1"
"343",34,"A",23638.1,"SI","SI","NO","NO","0"
"344",65,"B",42378.2,"NO","SI","NO","SI","1"
"345",50,"A",39745.3,"SI","NO","SI","NO","0"
"346",66,"C",45189.8,"NO","NO","NO","NO","1"
"347",63,"C",37930.9,"NO","NO","SI","NO","0"
"348",53,"C",24042,"NO","SI","NO","SI","1"
"349",33,"C",31207.1,"SI","SI","SI","SI","1"
"350",38,"B",24424.3,"NO","SI","SI","NO","0"
"351",56,"A",24607.8,"NO","SI","SI","NO","1"
"352",48,"B",43057,"SI","SI","NO","SI","0"
"353",49,"D",30198.5,"SI","SI","SI","SI","1"
"354",54,"A",50186.1,"NO","SI","SI","SI","1"
"355",41,"D",22916.1,"NO","SI","NO","NO","1"
"356",19,"A",9592.73,"NO","SI","NO","SI","0"
"357",52,"C",34253.6,"SI","SI","NO","NO","1"
"358",52,"C",22792.3,"SI","NO","NO","SI","1"
"359",64,"B",51620.8,"SI","SI","NO","SI","1"
"360",56,"B",19918.9,"NO","SI","SI","NO","0"
"361",56,"B",29625.1,"NO","SI","NO","NO","0"
"362",19,"B",12549,"NO","SI","NO","NO","1"
"363",56,"B",51299.3,"SI","NO","NO","SI","1"
"364",27,"C",17364.8,"SI","NO","NO","SI","0"
"365",59,"C",29866.9,"SI","SI","NO","SI","1"
"366",56,"C",47750.2,"SI","SI","SI","NO","0"
"367",21,"B",11281.5,"NO","SI","SI","NO","0"
"368",64,"C",34073.8,"NO","NO","SI","NO","0"
"369",62,"C",46870.4,"NO","SI","NO","NO","0"
"370",44,"C",38453.7,"NO","SI","NO","SI","1"
"371",24,"C",7756.36,"NO","NO","NO","SI","1"
"372",52,"C",28413.8,"NO","SI","NO","NO","1"
"373",67,"D",47198.6,"NO","SI","NO","SI","1"
"374",41,"C",20866.3,"SI","SI","NO","NO","0"
"375",58,"B",33204.3,"NO","NO","SI","SI","1"
"376",40,"C",24823.5,"NO","SI","NO","NO","0"
"377",19,"D",17986.8,"NO","SI","SI","SI","0"
"378",20,"C",9909.82,"NO","SI","NO","NO","1"
"379",56,"B",26542.8,"SI","SI","NO","SI","1"
"380",46,"C",32583.5,"SI","SI","NO","NO","1"
"381",30,"C",14606.6,"NO","SI","NO","NO","0"
"382",40,"B",34836.8,"SI","SI","NO","SI","1"
"383",36,"B",26920.8,"NO","SI","NO","NO","1"
"384",57,"C",38248.3,"SI","SI","SI","NO","1"
"385",49,"C",15689.1,"NO","SI","NO","NO","0"
"386",61,"C",30157.7,"SI","NO","NO","SI","0"
"387",29,"C",14642.2,"SI","SI","NO","SI","0"
"388",48,"C",15933.3,"NO","NO","NO","NO","1"
"389",56,"C",44288.3,"NO","SI","NO","NO","1"
"390",40,"B",22197.1,"SI","SI","NO","SI","0"
"391",58,"B",38248.3,"SI","NO","NO","NO","1"
"392",60,"C",22053.2,"SI","NO","SI","NO","1"
"393",58,"D",25468.5,"SI","NO","SI","SI","1"
"394",67,"B",23485.9,"SI","NO","SI","NO","1"
"395",40,"A",25768.6,"SI","NO","NO","NO","0"
"396",48,"C",34182.2,"NO","SI","NO","SI","0"
"397",64,"C",57444.5,"NO","SI","NO","SI","1"
"398",43,"B",38059.8,"SI","NO","SI","NO","0"
"399",34,"A",19481.3,"NO","SI","SI","SI","1"
"400",26,"A",19563.8,"SI","NO","SI","NO","0"
"401",48,"C",38598.4,"SI","SI","NO","NO","0"
"402",35,"C",20754.3,"NO","NO","SI","SI","0"
"403",24,"C",13864.6,"NO","SI","NO","SI","1"
"404",47,"D",36599,"SI","SI","NO","SI","0"
"405",52,"D",45856.1,"NO","SI","NO","SI","0"
"406",31,"D",22362.3,"NO","SI","NO","SI","0"
"407",41,"D",21984,"SI","NO","NO","SI","1"
"408",23,"D",11073,"NO","NO","NO","NO","0"
"409",27,"C",18158.5,"SI","SI","SI","SI","1"
"410",22,"C",7304.2,"SI","SI","SI","NO","0"
"411",67,"C",58092,"SI","SI","NO","SI","1"
"412",26,"C",16518.6,"SI","SI","NO","SI","1"
"413",58,"D",46461.5,"NO","SI","NO","NO","1"
"414",27,"A",20058.7,"NO","SI","SI","NO","0"
"415",36,"C",12533.2,"NO","NO","SI","NO","0"
"416",31,"A",22848.5,"SI","NO","NO","SI","0"
"417",28,"B",25699.4,"SI","NO","NO","SI","1"
"418",57,"B",21612.6,"NO","SI","SI","NO","0"
"419",64,"C",48950.9,"SI","SI","SI","NO","0"
"420",49,"C",41438,"NO","NO","NO","SI","0"
"421",22,"C",11411,"SI","SI","NO","NO","0"
"422",58,"C",43940.6,"SI","SI","NO","NO","1"
"423",20,"B",17239.5,"SI","SI","NO","SI","0"
"424",44,"A",30488.7,"NO","SI","NO","NO","1"
"425",65,"B",29866.3,"NO","NO","NO","NO","1"
"426",53,"C",32184.4,"SI","NO","NO","SI","1"
"427",34,"C",17308.7,"SI","SI","SI","SI","1"
"428",35,"A",27863.9,"NO","SI","SI","NO","0"
"429",48,"B",28920.6,"NO","NO","SI","NO","0"
"430",64,"B",58367.3,"SI","SI","NO","SI","1"
"431",46,"B",16849.3,"SI","SI","SI","NO","0"
"432",42,"A",28138.5,"NO","SI","SI","SI","1"
"433",47,"C",23038.2,"SI","NO","NO","NO","0"
"434",23,"B",11736.9,"SI","SI","SI","NO","0"
"435",35,"C",16479.5,"SI","NO","SI","SI","0"
"436",64,"C",31415.7,"SI","NO","SI","SI","1"
"437",18,"D",12117.3,"NO","SI","NO","NO","1"
"438",19,"C",15417.1,"SI","SI","NO","NO","0"
"439",40,"C",29414.6,"NO","NO","SI","SI","0"
"440",47,"C",44682.1,"SI","SI","NO","NO","0"
"441",43,"A",36281,"SI","SI","NO","NO","1"
"442",38,"B",33302.8,"SI","SI","SI","SI","0"
"443",21,"A",15797.1,"NO","SI","NO","SI","1"
"444",40,"A",31864.8,"SI","SI","NO","NO","0"
"445",52,"B",43719.5,"NO","SI","NO","NO","1"
"446",35,"B",30799.5,"NO","SI","NO","SI","1"
"447",53,"A",48971.6,"SI","NO","NO","SI","0"
"448",38,"A",34061.4,"SI","SI","NO","SI","1"
"449",42,"C",28938.6,"SI","NO","NO","NO","0"
"450",43,"B",38540,"SI","NO","SI","NO","0"
"451",59,"C",27045.1,"NO","SI","NO","SI","1"
"452",59,"A",51284.3,"SI","SI","SI","NO","1"
"453",24,"C",16352.2,"NO","SI","SI","NO","0"
"454",27,"C",11866.4,"SI","SI","NO","NO","1"
"455",32,"B",13267.6,"SI","SI","SI","NO","1"
"456",65,"C",61554.6,"NO","SI","NO","NO","1"
"457",18,"D",13700.2,"NO","SI","NO","NO","0"
"458",66,"B",46963.9,"NO","SI","NO","SI","0"
"459",41,"C",23475.6,"SI","SI","SI","SI","0"
"460",64,"D",24554.1,"SI","NO","SI","NO","1"
"461",23,"C",18050,"SI","SI","SI","SI","1"
"462",29,"A",15237.6,"SI","SI","NO","NO","1"
"463",28,"B",20555,"SI","SI","NO","SI","0"
"464",57,"B",28421.7,"SI","SI","SI","NO","1"
"465",38,"C",21876.5,"NO","SI","NO","NO","0"
"466",34,"D",12810.2,"NO","SI","NO","SI","1"
"467",43,"D",15109.4,"NO","SI","NO","SI","0"
"468",63,"B",37414.7,"SI","SI","NO","NO","0"
"469",62,"C",41521.6,"NO","SI","SI","NO","1"
"470",51,"C",25372.8,"SI","SI","NO","NO","1"
"471",61,"C",21139.8,"SI","NO","NO","NO","0"
"472",41,"B",27757.6,"NO","SI","NO","SI","1"
"473",31,"B",22678.1,"SI","SI","SI","SI","1"
"474",33,"B",12178.5,"NO","SI","SI","NO","1"
"475",43,"A",26106.7,"NO","SI","NO","SI","0"
"476",40,"C",27417.6,"NO","SI","SI","NO","0"
"477",47,"B",23337.2,"NO","SI","SI","NO","0"
"478",46,"B",43395.5,"SI","SI","NO","SI","0"
"479",30,"A",11536.2,"NO","SI","SI","NO","0"
"480",47,"C",44658.6,"SI","SI","NO","SI","0"
"481",44,"A",32762.5,"NO","SI","SI","NO","0"
"482",23,"A",16403.8,"SI","NO","NO","NO","0"
"483",28,"C",21184.7,"SI","SI","NO","SI","1"
"484",64,"C",49917.3,"SI","SI","SI","NO","1"
"485",35,"B",21623.8,"NO","NO","SI","NO","1"
"486",19,"A",16625.9,"NO","SI","NO","SI","0"
"487",27,"B",14014.5,"NO","NO","NO","NO","1"
"488",27,"C",20409.3,"NO","NO","NO","SI","0"
"489",58,"C",31671.3,"SI","NO","SI","SI","1"
"490",46,"B",17149.2,"SI","SI","NO","SI","1"
"491",61,"B",27756.3,"SI","NO","SI","SI","1"
"492",59,"C",40949.9,"NO","SI","NO","SI","0"
"493",47,"A",43743.2,"NO","SI","NO","NO","1"
"494",44,"C",38459.9,"NO","NO","SI","SI","0"
"495",50,"B",40972.9,"SI","SI","SI","SI","0"
"496",64,"C",46587.9,"NO","SI","NO","SI","0"
"497",51,"B",43799.6,"NO","SI","SI","NO","1"
"498",46,"B",18912.2,"SI","SI","NO","SI","1"
"499",39,"C",27765.8,"SI","NO","NO","NO","1"
"500",58,"C",33007.3,"SI","SI","NO","SI","1"
"501",32,"B",26325.3,"SI","NO","NO","NO","1"
"502",22,"C",15308.2,"SI","SI","SI","NO","1"
"503",63,"C",59805.6,"SI","SI","NO","SI","1"
"504",35,"B",28658.3,"SI","SI","NO","NO","1"
"505",59,"C",23175,"NO","NO","SI","SI","1"
"506",22,"D",11595.4,"SI","SI","NO","SI","1"
"507",60,"D",50409.9,"NO","SI","SI","SI","0"
"508",23,"A",11215.3,"SI","SI","NO","SI","1"
"509",29,"B",13327.8,"NO","NO","NO","NO","1"
"510",44,"C",16088.8,"NO","SI","NO","NO","0"
"511",63,"B",43943,"SI","SI","SI","NO","1"
"512",25,"A",14505.3,"NO","SI","NO","NO","1"
"513",37,"C",33886.4,"SI","NO","NO","SI","0"
"514",48,"C",16662.5,"NO","SI","NO","SI","1"
"515",35,"B",20262.6,"NO","NO","NO","SI","1"
"516",51,"B",33615.4,"NO","NO","SI","SI","0"
"517",27,"B",22007.1,"NO","SI","NO","NO","1"
"518",56,"C",28981.1,"SI","SI","SI","NO","1"
"519",38,"C",12163.9,"SI","SI","NO","SI","1"
"520",36,"B",17247.7,"SI","SI","NO","NO","1"
"521",27,"D",12683.6,"NO","SI","SI","NO","0"
"522",34,"B",16291,"SI","NO","SI","NO","1"
"523",44,"D",18707.3,"SI","SI","SI","SI","0"
"524",43,"C",19326.9,"NO","SI","NO","SI","1"
"525",32,"C",14511.8,"NO","NO","SI","NO","0"
"526",21,"B",10672,"NO","SI","SI","NO","1"
"527",30,"C",25830.5,"NO","SI","NO","NO","1"
"528",55,"A",43499.5,"SI","SI","NO","NO","0"
"529",64,"D",59175.1,"NO","SI","NO","SI","0"
"530",36,"C",27642.9,"SI","NO","NO","SI","1"
"531",59,"C",30067.5,"NO","SI","NO","SI","0"
"532",60,"C",29714.4,"SI","SI","SI","SI","0"
"533",27,"B",13950.4,"SI","SI","SI","NO","1"
"534",29,"C",10072.6,"NO","SI","NO","NO","0"
"535",53,"C",37850.6,"NO","SI","NO","SI","1"
"536",61,"A",57176.4,"NO","SI","NO","SI","1"
"537",43,"C",38784,"NO","SI","NO","NO","1"
"538",19,"C",10191.8,"NO","SI","SI","SI","0"
"539",48,"C",21821.4,"SI","NO","SI","SI","1"
"540",39,"A",37389,"NO","SI","NO","SI","0"
"541",32,"C",14627.9,"SI","SI","NO","NO","0"
"542",63,"D",48770.5,"SI","NO","SI","SI","0"
"543",46,"A",21096.2,"SI","SI","NO","SI","0"
"544",40,"C",36256.9,"NO","SI","SI","SI","0"
"545",27,"C",15281.8,"SI","NO","SI","SI","1"
"546",22,"D",9316.98,"SI","SI","NO","NO","0"
"547",42,"A",20736.2,"SI","SI","NO","SI","0"
"548",58,"B",52662.5,"SI","SI","SI","SI","1"
"549",23,"C",8020.19,"SI","SI","NO","NO","1"
"550",58,"D",32245.4,"NO","NO","NO","NO","0"
"551",45,"C",41107.2,"SI","SI","NO","NO","0"
"552",49,"D",39358.3,"SI","NO","SI","NO","1"
"553",67,"C",36095.9,"SI","SI","NO","NO","1"
"554",20,"B",7723.93,"SI","SI","NO","NO","1"
"555",43,"A",18565.8,"SI","SI","SI","SI","1"
"556",41,"A",25132.9,"NO","SI","NO","NO","0"
"557",38,"D",31290.6,"NO","SI","NO","NO","1"
"558",67,"D",24858.4,"NO","SI","SI","SI","1"
"559",40,"C",16398.8,"NO","SI","NO","SI","0"
"560",25,"D",23287.9,"NO","SI","SI","SI","1"
"561",57,"A",50897.6,"NO","SI","NO","NO","1"
"562",32,"C",22446.5,"NO","SI","SI","SI","1"
"563",44,"D",23092.1,"SI","SI","SI","SI","0"
"564",30,"B",24867.6,"SI","NO","NO","NO","0"
"565",43,"B",22234.7,"NO","SI","SI","NO","0"
"566",19,"C",17371.1,"SI","SI","NO","NO","1"
"567",37,"B",29574,"SI","SI","NO","NO","1"
"568",49,"C",17944.2,"SI","SI","SI","SI","0"
"569",49,"A",33665.5,"SI","SI","NO","NO","1"
"570",40,"C",36166.2,"NO","NO","NO","NO","0"
"571",33,"D",27712.9,"NO","SI","NO","SI","1"
"572",39,"B",22400.7,"SI","SI","NO","NO","0"
"573",43,"C",28469.9,"SI","SI","NO","NO","1"
"574",37,"B",30488,"NO","SI","SI","NO","0"
"575",24,"B",19160.3,"SI","SI","NO","SI","1"
"576",62,"B",45342.5,"SI","NO","NO","SI","0"
"577",18,"C",6294.21,"NO","SI","SI","NO","0"
"578",47,"B",25127.7,"SI","NO","NO","NO","1"
"579",63,"D",51879.3,"SI","NO","SI","SI","0"
"580",20,"B",12644.9,"SI","SI","SI","NO","0"
"581",46,"B",21984.4,"NO","NO","NO","NO","1"
"582",47,"A",29093.1,"SI","SI","NO","NO","1"
"583",33,"B",23528.4,"NO","SI","SI","SI","0"
"584",20,"B",9516.91,"SI","SI","NO","NO","0"
"585",20,"C",18364.9,"NO","SI","NO","SI","0"
"586",43,"B",31273.8,"SI","NO","NO","SI","1"
"587",58,"A",49673.6,"NO","SI","NO","NO","0"
"588",29,"D",12623.4,"SI","SI","NO","NO","0"
"589",25,"C",23818.6,"NO","NO","NO","NO","0"
"590",40,"C",31473.9,"NO","SI","SI","SI","1"
"591",48,"B",20268,"NO","SI","NO","NO","0"
"592",65,"D",51417,"NO","SI","NO","SI","0"
"593",59,"A",30971.8,"SI","SI","SI","NO","1"
"594",61,"C",47025,"SI","SI","SI","NO","1"
"595",30,"C",9672.25,"SI","SI","NO","NO","1"
"596",31,"B",15976.3,"SI","NO","NO","SI","1"
"597",29,"C",14711.8,"NO","NO","SI","NO","0"
"598",38,"B",26671.6,"SI","SI","SI","SI","0"
